#;Player;Score;Kills;Death;Damage;Map Count
1;ZywOo;6.9;0.81;0.59;84.02;603
2;donk;6.9;0.86;0.68;89.61;250
3;s1mple;6.9;0.83;0.60;84.24;539
4;dea;6.8;0.83;0.63;86.03;103
5;sh1ro;6.7;0.77;0.53;76.96;547
6;nettik;6.6;0.77;0.64;84.92;77
7;m0NESY;6.6;0.76;0.59;76.13;353
8;D0cC;6.6;0.78;0.66;79.72;42
9;deko;6.6;0.78;0.59;78.88;326
10;MATYS;6.6;0.79;0.71;86.26;299
11;NiKo;6.6;0.76;0.65;85.13;619
12;nota;6.6;0.77;0.67;84.88;30
13;blameF;6.6;0.74;0.61;83.49;587
14;nilo;6.5;0.78;0.66;83.95;254
15;Lucaozy;6.5;0.76;0.63;82.15;182
16;w0nderful;6.5;0.75;0.57;75.44;253
17;XANTARES;6.5;0.74;0.65;83.58;498
18;ROGA;6.5;0.75;0.59;73.96;85
19;jayzaR;6.5;0.78;0.68;78.98;41
20;dev1ce;6.5;0.74;0.61;78.08;481
21;Kvem;6.5;0.77;0.70;87.58;114
22;Easy;6.5;0.74;0.61;75.65;69
23;insani;6.5;0.75;0.65;82.34;227
24;SENSEi;6.5;0.72;0.58;76.44;49
25;khaN;6.5;0.75;0.59;72.66;56
26;h4rn;6.5;0.73;0.58;75.14;236
27;tvs;6.4;0.75;0.60;77.13;33
28;asap;6.4;0.72;0.65;82.24;75
29;mhL;6.4;0.74;0.63;79.56;289
30;mertz;6.4;0.75;0.67;79.00;30
31;Ax1Le;6.4;0.73;0.63;81.31;582
32;KSCERATO;6.4;0.71;0.59;79.13;527
33;Woro2k;6.4;0.75;0.63;77.13;457
34;Wolffe;6.4;0.76;0.67;82.57;87
35;ropz;6.4;0.74;0.61;78.29;596
36;degster;6.4;0.73;0.58;73.07;305
37;JamYoung;6.4;0.73;0.64;79.14;190
38;card;6.4;0.74;0.61;73.86;96
39;reiko;6.4;0.75;0.70;82.78;256
40;DANK1NG;6.4;0.75;0.63;74.28;70
41;lake;6.4;0.76;0.73;85.08;102
42;Jimpphat;6.4;0.73;0.59;77.87;273
43;icy;6.4;0.73;0.58;70.61;103
44;CoJoMo;6.4;0.73;0.66;78.02;53
45;INS;6.4;0.72;0.68;84.60;209
46;Nertz;6.4;0.73;0.65;80.04;287
47;NAF;6.4;0.70;0.61;79.36;545
48;yAmi;6.4;0.76;0.69;81.79;55
49;frozen;6.4;0.71;0.61;80.40;534
50;nero;6.4;0.76;0.69;76.59;41
51;ritchiEE;6.4;0.73;0.67;82.91;72
52;EliGE;6.4;0.73;0.68;81.85;579
53;oskar;6.4;0.72;0.61;74.89;341
54;ArtFr0st;6.4;0.71;0.54;70.88;275
55;SLIGHT;6.4;0.71;0.60;74.28;138
56;BeaKie;6.4;0.73;0.66;78.59;82
57;broky;6.3;0.72;0.61;74.27;628
58;dare;6.3;0.74;0.71;79.84;115
59;anarkez;6.3;0.73;0.60;72.98;162
60;stavn;6.3;0.72;0.65;81.12;571
61;try;6.3;0.71;0.61;73.56;112
62;PR;6.3;0.72;0.65;79.28;101
63;fleav;6.3;0.74;0.63;77.55;70
64;PNDLM;6.3;0.72;0.69;80.77;49
65;znxxX;6.3;0.73;0.60;72.25;102
66;tomiko;6.3;0.76;0.71;80.45;229
67;ADDICT;6.3;0.74;0.67;78.97;89
68;saadzin;6.3;0.70;0.59;72.68;116
69;Starry;6.3;0.71;0.64;79.22;122
70;Mercury;6.3;0.72;0.68;79.76;165
71;HeavyGod;6.3;0.72;0.63;79.99;277
72;CLASIA;6.3;0.72;0.66;81.27;44
73;Decenty;6.3;0.74;0.61;77.72;204
74;Spinx;6.3;0.72;0.63;77.60;427
75;sl3nd;6.3;0.70;0.58;74.94;241
76;podi;6.3;0.72;0.62;73.91;134
77;dav1deuS;6.3;0.73;0.68;81.08;232
78;piriaz1n;6.3;0.72;0.64;78.45;125
79;Kursy;6.3;0.72;0.64;73.50;30
80;NOOZ;6.3;0.75;0.71;80.85;47
81;M1key;6.3;0.73;0.71;84.10;57
82;KAISER;6.3;0.70;0.63;74.02;79
83;hype;6.3;0.72;0.61;72.22;141
84;supLexN1;6.3;0.71;0.57;71.07;125
85;KENSI;6.3;0.72;0.65;80.60;496
86;r1nkle;6.3;0.72;0.64;75.41;243
87;Kye;6.3;0.73;0.65;79.76;119
88;FL1T;6.3;0.70;0.64;81.10;448
89;Jame;6.3;0.68;0.52;68.64;541
90;Ryujin;6.3;0.74;0.67;78.60;123
91;malbsMd;6.3;0.74;0.72;81.52;268
92;REDSTAR;6.3;0.71;0.63;76.55;287
93;t9rnay;6.3;0.72;0.63;77.96;97
94;dgt;6.3;0.72;0.61;77.45;202
95;d1Ledez;6.3;0.72;0.68;79.05;287
96;Ryxxo;6.3;0.70;0.63;75.82;30
97;jkaem;6.3;0.73;0.71;82.47;466
98;Ethan;6.3;0.68;0.66;78.31;91
99;slaxz-;6.3;0.70;0.60;72.02;356
100;DGL;6.3;0.72;0.60;70.16;103
101;JBa;6.3;0.72;0.65;77.03;123
102;BOROS;6.3;0.76;0.73;81.61;263
103;FORSYY;6.3;0.72;0.59;74.32;147
104;jL;6.3;0.73;0.67;79.88;359
105;gokushima;6.3;0.70;0.61;72.17;173
106;POLO;6.3;0.71;0.63;74.32;82
107;yuurih;6.3;0.70;0.63;79.83;528
108;venomzera;6.3;0.71;0.66;78.85;178
109;allu;6.3;0.72;0.66;74.70;175
110;lan;6.3;0.73;0.66;74.95;61
111;nicoodoz;6.3;0.72;0.62;74.21;458
112;SunPayus;6.3;0.70;0.58;71.99;330
113;AZUWU;6.3;0.72;0.69;79.35;159
114;m4tthi;6.3;0.72;0.65;74.40;49
115;Xeppaa;6.3;0.73;0.68;76.27;104
116;righi;6.3;0.73;0.67;79.19;82
117;bLitz;6.3;0.71;0.67;81.66;194
118;AhaNg;6.3;0.70;0.70;83.22;46
119;joel;6.3;0.73;0.68;79.53;157
120;YEKINDAR;6.3;0.71;0.70;81.26;518
121;FL4MUS;6.3;0.72;0.68;77.51;78
122;smooya;6.3;0.71;0.62;73.41;96
123;mir;6.3;0.70;0.65;77.93;347
124;Flayy;6.3;0.73;0.64;72.59;126
125;HEN1;6.3;0.67;0.57;73.53;420
126;headtr1ck;6.3;0.71;0.59;71.95;242
127;Martinez;6.3;0.70;0.60;70.18;221
128;Blogg1s;6.3;0.72;0.61;71.81;69
129;afro;6.3;0.71;0.63;73.29;289
130;regali;6.3;0.72;0.59;70.57;165
131;dumau;6.3;0.70;0.65;78.87;255
132;syrsoN;6.3;0.70;0.61;71.15;545
133;torzsi;6.3;0.70;0.59;70.92;350
134;RCF;6.3;0.70;0.62;72.99;169
135;noway;6.3;0.73;0.66;78.65;123
136;snatchie;6.3;0.73;0.66;73.24;109
137;TruNiQ;6.3;0.71;0.67;79.51;123
138;MoDo;6.3;0.72;0.60;70.53;227
139;cass1n;6.3;0.68;0.55;67.94;91
140;TiGeR;6.2;0.70;0.67;75.54;46
141;Luken;6.2;0.72;0.65;76.39;56
142;felps;6.2;0.72;0.70;81.26;251
143;fer;6.2;0.72;0.67;80.06;101
144;lux;6.2;0.70;0.67;78.70;176
145;r3salt;6.2;0.71;0.68;79.44;354
146;ewjerkz;6.2;0.70;0.69;79.65;319
147;huNter;6.2;0.71;0.66;78.10;620
148;Koala;6.2;0.71;0.61;76.11;126
149;zorte;6.2;0.70;0.60;70.47;445
150;Maka;6.2;0.69;0.59;72.13;345
151;story;6.2;0.70;0.60;71.30;319
152;Diviiii;6.2;0.72;0.61;71.15;39
153;Hobbit;6.2;0.70;0.64;78.52;592
154;Polt;6.2;0.69;0.68;81.51;111
155;iM;6.2;0.70;0.67;79.10;257
156;senzu;6.2;0.70;0.64;76.73;71
157;Moseyuh;6.2;0.70;0.66;78.00;109
158;Krimbo;6.2;0.68;0.59;74.19;459
159;leri511;6.2;0.73;0.64;73.05;108
160;hades;6.2;0.70;0.61;71.59;497
161;mantuu;6.2;0.70;0.59;70.29;404
162;droid;6.2;0.70;0.65;77.59;59
163;electroNic;6.2;0.70;0.66;79.06;642
164;PwnAlone;6.2;0.70;0.63;71.77;180
165;biguzera;6.2;0.69;0.66;79.09;327
166;Fessor;6.2;0.72;0.71;82.26;142
167;Magnojez;6.2;0.70;0.69;79.70;182
168;rafaxF;6.2;0.70;0.65;74.62;38
169;Aaron;6.2;0.71;0.71;80.39;137
170;KalubeR;6.2;0.71;0.68;79.38;166
171;kauez;6.2;0.72;0.65;76.35;195
172;Porya;6.2;0.71;0.67;79.07;105
173;valde;6.2;0.69;0.64;76.33;366
174;sacrifice;6.2;0.70;0.65;76.47;86
175;Twistzz;6.2;0.69;0.62;75.29;617
176;Sh4GGi;6.2;0.70;0.68;79.31;102
177;shalfey;6.2;0.70;0.64;76.99;401
178;juanflatroo;6.2;0.73;0.71;80.49;356
179;z4kr;6.2;0.68;0.66;77.28;122
180;oSee;6.2;0.69;0.61;70.96;373
181;tomaszin;6.2;0.71;0.67;77.70;170
182;cxzi;6.2;0.70;0.73;82.79;167
183;nEMANHA;6.2;0.69;0.71;83.59;202
184;zont1x;6.2;0.68;0.65;78.61;276
185;Umar;6.2;0.71;0.69;74.85;78
186;leaf;6.2;0.71;0.69;76.59;70
187;Rainwaker;6.2;0.68;0.63;77.00;250
188;KEi;6.2;0.72;0.70;81.22;272
189;gbb;6.2;0.69;0.68;77.85;125
190;nawwk;6.2;0.70;0.56;68.48;505
191;J0LZ;6.2;0.69;0.70;78.23;39
192;TRAVIS;6.2;0.69;0.64;75.80;270
193;Infinite;6.2;0.69;0.69;78.34;119
194;Swisher;6.2;0.70;0.69;79.62;274
195;Hallzerk;6.2;0.69;0.62;70.67;301
196;Dytor;6.2;0.71;0.69;79.65;137
197;Bruninho;6.2;0.69;0.64;76.00;110
198;fr3nd;6.2;0.71;0.61;70.66;180
199;lollipop21k;6.2;0.71;0.69;78.73;187
200;flameZ;6.2;0.68;0.66;76.34;379
201;togs;6.2;0.69;0.63;75.30;193
202;rallen;6.2;0.68;0.66;80.25;221
203;Shady;6.2;0.73;0.67;74.07;32
204;skullz;6.2;0.68;0.62;74.89;227
205;proSHOW;6.2;0.69;0.63;71.85;116
206;urban0;6.2;0.69;0.68;77.80;76
207;sk0R;6.2;0.72;0.68;79.01;76
208;draken;6.2;0.69;0.61;70.75;205
209;Snowzin;6.2;0.70;0.68;76.98;145
210;kensizor;6.2;0.72;0.72;78.76;62
211;El1an;6.2;0.68;0.61;72.82;232
212;hAdji;6.2;0.69;0.64;76.34;233
213;woxic;6.2;0.68;0.60;71.37;257
214;maxster;6.2;0.68;0.64;74.31;192
215;somebody;6.2;0.69;0.68;76.30;49
216;Marko≈õ;6.2;0.69;0.63;72.78;79
217;atarax1a;6.2;0.69;0.66;71.92;114
218;Forester;6.2;0.69;0.66;76.59;395
219;CacaNito;6.2;0.70;0.70;80.00;330
220;chay;6.2;0.68;0.65;75.75;132
221;Junior;6.2;0.69;0.59;69.65;370
222;freshie;6.2;0.68;0.65;75.93;154
223;j3nsyy;6.2;0.68;0.62;70.73;137
224;tabseN;6.2;0.68;0.70;81.32;757
225;vsm;6.2;0.68;0.66;75.57;235
226;saffee;6.2;0.69;0.61;70.48;368
227;xsepower;6.2;0.68;0.59;68.70;129
228;Cooper;6.2;0.73;0.70;74.93;111
229;Norwi;6.2;0.69;0.64;75.39;435
230;zevy;6.2;0.70;0.62;71.62;249
231;JOTA;6.2;0.69;0.64;76.76;151
232;Patsi;6.2;0.70;0.72;80.56;260
233;b1t;6.2;0.68;0.61;73.02;489
234;n1ssim;6.2;0.69;0.64;75.15;60
235;xertioN;6.2;0.69;0.69;78.95;273
236;VLDN;6.2;0.66;0.62;74.30;190
237;REZ;6.2;0.69;0.66;75.78;583
238;luchov;6.2;0.71;0.71;77.22;174
239;SHOCK;6.1;0.69;0.66;76.22;407
240;k0nfig;6.1;0.72;0.70;78.20;511
241;Sonic;6.1;0.69;0.68;75.42;189
242;adamS;6.1;0.67;0.66;77.27;301
243;oBo;6.1;0.69;0.69;78.26;116
244;MarKE;6.1;0.69;0.66;75.56;283
245;Brehze;6.1;0.70;0.69;75.37;285
246;cynic;6.1;0.69;0.66;76.34;160
247;DSSj;6.1;0.69;0.66;72.62;102
248;Staehr;6.1;0.67;0.67;77.89;293
249;BnTeT;6.1;0.69;0.68;76.31;101
250;stadodo;6.1;0.65;0.61;69.50;171
251;910;6.1;0.69;0.63;70.11;111
252;desh;6.1;0.69;0.62;68.66;79
253;mou;6.1;0.68;0.63;71.76;58
254;jackasmo;6.1;0.70;0.67;76.18;49
255;SaMey;6.1;0.69;0.62;69.37;289
256;s4ltovsk1yy;6.1;0.67;0.58;68.29;131
257;Kaze;6.1;0.67;0.58;67.79;190
258;Ganginho;6.1;0.70;0.64;71.94;89
259;TeSeS;6.1;0.68;0.66;76.07;638
260;rdnzao;6.1;0.68;0.66;74.59;190
261;AwaykeN;6.1;0.67;0.60;68.66;30
262;rigoN;6.1;0.71;0.74;78.15;369
263;Pechyn;6.1;0.69;0.68;76.49;67
264;Lucky;6.1;0.66;0.64;76.71;373
265;xureba;6.1;0.67;0.67;77.34;131
266;jottAAA;6.1;0.70;0.71;76.08;60
267;kraghen;6.1;0.68;0.69;78.88;323
268;Farlig;6.1;0.69;0.63;69.16;320
269;PANIX;6.1;0.66;0.61;69.57;172
270;hyped;6.1;0.69;0.63;68.54;251
271;sdy;6.1;0.67;0.63;75.19;591
272;roeJ;6.1;0.69;0.69;78.54;400
273;BELCHONOKK;6.1;0.69;0.69;77.53;131
274;tex1y;6.1;0.67;0.60;72.60;30
275;awzek;6.1;0.69;0.69;76.88;290
276;latt1kk;6.1;0.68;0.60;68.62;228
277;cadiaN;6.1;0.66;0.59;70.10;590
278;latto;6.1;0.66;0.64;75.97;239
279;voltera;6.1;0.69;0.69;75.90;81
280;cej0t;6.1;0.70;0.70;78.67;206
281;mello;6.1;0.68;0.59;68.20;101
282;dennyslaw;6.1;0.69;0.62;69.48;300
283;bodyy;6.1;0.68;0.68;77.98;316
284;cerolzin;6.1;0.69;0.70;79.71;103
285;kyuubii;6.1;0.68;0.65;74.32;286
286;Jyo;6.1;0.67;0.65;75.08;186
287;Wicadia;6.1;0.70;0.70;76.15;170
288;Brollan;6.1;0.67;0.68;76.99;443
289;Sobol;6.1;0.67;0.67;75.60;267
290;red;6.1;0.66;0.68;75.80;44
291;spooke;6.1;0.69;0.70;78.14;294
292;Neityu;6.1;0.67;0.69;76.58;123
293;SKRZYNKA;6.1;0.68;0.70;77.10;125
294;Magisk;6.1;0.66;0.64;76.19;550
295;Vexite;6.1;0.70;0.69;75.51;150
296;fozil;6.1;0.67;0.68;76.90;123
297;kNgV-;6.1;0.70;0.65;71.24;164
298;Cabbi;6.1;0.71;0.71;77.24;240
299;Cyrix;6.1;0.68;0.61;68.21;77
300;zock;6.1;0.68;0.67;75.37;67
301;Adamb;6.1;0.68;0.68;75.96;264
302;eraa;6.1;0.69;0.62;69.41;153
303;NOPEEJ;6.1;0.65;0.65;74.91;76
304;Zyphon;6.1;0.68;0.67;75.25;365
305;brutmonster;6.1;0.68;0.64;71.15;204
306;Lucky;6.1;0.67;0.61;68.82;364
307;avid;6.1;0.67;0.66;74.30;136
308;WolfY;6.1;0.68;0.60;68.23;144
309;Jabbi;6.1;0.68;0.64;72.63;360
310;gas;6.1;0.70;0.69;74.23;68
311;bnc;6.1;0.68;0.70;77.08;117
312;ChildKing;6.1;0.69;0.71;77.23;66
313;Girafffe;6.1;0.70;0.71;76.80;137
314;dream3r;6.1;0.67;0.62;72.69;148
315;fame;6.1;0.67;0.63;72.65;334
316;Gafolo;6.1;0.66;0.60;68.42;206
317;FASHR;6.1;0.68;0.67;75.67;265
318;Lekr0;6.1;0.67;0.68;75.78;137
319;SHiPZ;6.1;0.69;0.70;77.88;226
320;nqz;6.1;0.66;0.57;66.50;213
321;Gratisfaction;6.1;0.67;0.66;70.94;98
322;Ludwig;6.1;0.69;0.65;74.39;46
323;doczin;6.1;0.68;0.72;78.88;173
324;Jee;6.1;0.64;0.57;65.53;112
325;jocab;6.1;0.72;0.71;77.98;54
326;aidKiT;6.1;0.68;0.63;69.54;121
327;Jeorge;6.1;0.67;0.67;75.58;194
328;Banjo;6.1;0.66;0.65;74.69;175
329;Anlelele;6.1;0.67;0.66;75.08;171
330;HaZR;6.1;0.69;0.70;76.81;114
331;iDISBALANCE;6.1;0.65;0.58;67.45;428
332;lauNX;6.1;0.70;0.68;74.53;240
333;npl;6.1;0.68;0.68;76.19;277
334;Sterzig;6.1;0.65;0.67;76.02;51
335;Djoko;6.1;0.69;0.70;75.93;392
336;kory;6.1;0.68;0.68;75.52;195
337;Altekz;6.1;0.67;0.65;75.91;276
338;Nivera;6.1;0.68;0.64;70.56;40
339;boltz;6.1;0.65;0.63;76.99;216
340;Polbandana;6.1;0.68;0.69;74.69;49
341;chop;6.1;0.68;0.66;72.31;138
342;FRANSSON;6.1;0.67;0.65;75.79;138
343;s0und;6.1;0.69;0.69;74.88;261
344;Pipw;6.1;0.69;0.68;74.51;97
345;shaiK;6.1;0.67;0.66;71.62;111
346;s1n;6.1;0.66;0.65;76.02;353
347;sstiNiX;6.1;0.69;0.69;76.68;42
348;Nodios;6.1;0.67;0.67;74.73;284
349;fino;6.1;0.67;0.62;68.82;180
350;nbqq;6.1;0.69;0.68;74.26;154
351;DEPRESHN;6.1;0.67;0.62;67.70;99
352;pavv;6.1;0.68;0.69;76.45;110
353;dycha;6.1;0.67;0.67;77.16;453
354;reck;6.1;0.68;0.65;74.21;204
355;clax;6.1;0.67;0.63;72.75;342
356;brnz4n;6.1;0.67;0.66;74.21;298
357;restik;6.1;0.66;0.67;76.44;99
358;Griizz;6.1;0.69;0.73;77.09;82
359;Bwills;6.1;0.67;0.67;75.21;188
360;Qlocuu;6.1;0.68;0.70;74.50;82
361;xseveN;6.1;0.66;0.67;76.35;161
362;history;6.1;0.67;0.62;69.34;43
363;mezii;6.1;0.66;0.64;73.76;411
364;dupreeh;6.1;0.67;0.64;73.09;536
365;damyo;6.1;0.68;0.69;76.77;47
366;Forleks;6.1;0.68;0.68;74.91;34
367;NEOFRAG;6.1;0.67;0.69;77.35;337
368;phzy;6.1;0.66;0.62;69.87;205
369;KaiR0N-;6.1;0.69;0.71;76.28;236
370;vLa;6.1;0.65;0.64;72.70;52
371;Xant3r;6.1;0.67;0.67;76.66;104
372;DiMKE;6.1;0.64;0.67;74.40;37
373;Westmelon;6.1;0.67;0.69;74.98;122
374;OLIMP;6.1;0.68;0.70;77.62;155
375;Bielany;6.1;0.67;0.70;76.53;90
376;Burmylov;6.1;0.67;0.66;69.02;68
377;aumaN;6.1;0.66;0.65;76.73;68
378;drac;6.1;0.64;0.65;75.72;34
379;acoR;6.1;0.67;0.62;68.24;363
380;DemQQ;6.1;0.66;0.64;74.46;415
381;tutu;6.1;0.68;0.67;73.54;46
382;faveN;6.0;0.67;0.64;72.68;377
383;arTisT;6.0;0.67;0.67;71.61;139
384;b4rtiN;6.0;0.67;0.65;71.18;186
385;XigN;6.0;0.68;0.70;74.92;41
386;meyern;6.0;0.67;0.67;72.90;178
387;hoax;6.0;0.66;0.68;74.60;116
388;poizon;6.0;0.67;0.66;72.02;256
389;sjuush;6.0;0.66;0.64;73.41;543
390;alex666;6.0;0.68;0.67;77.08;105
391;vanity;6.0;0.64;0.62;69.46;70
392;KWERTZZ;6.0;0.69;0.68;75.35;199
393;destiny;6.0;0.68;0.67;74.37;183
394;cJ;6.0;0.67;0.66;73.26;186
395;hampus;6.0;0.67;0.70;78.89;512
396;KRIMZ;6.0;0.66;0.65;73.94;452
397;Blytz;6.0;0.67;0.69;76.63;215
398;bajmi;6.0;0.67;0.67;75.65;140
399;ISSAA;6.0;0.66;0.64;71.49;154
400;CYPHER;6.0;0.68;0.71;76.40;317
401;aNdu;6.0;0.71;0.74;77.67;39
402;xns;6.0;0.67;0.67;73.13;79
403;CRUC1AL;6.0;0.66;0.61;68.37;295
404;c0llins;6.0;0.67;0.69;75.58;145
405;jks;6.0;0.65;0.62;72.11;397
406;XELLOW;6.0;0.67;0.64;67.89;316
407;aizy;6.0;0.66;0.70;76.70;49
408;Jambo;6.0;0.64;0.64;68.81;50
409;danoco;6.0;0.68;0.72;77.79;170
410;glowiing;6.0;0.67;0.68;76.90;346
411;morelz;6.0;0.68;0.70;75.71;352
412;asran;6.0;0.67;0.70;72.30;70
413;ponter;6.0;0.67;0.66;72.41;113
414;Maze;6.0;0.66;0.68;74.03;70
415;Fr3nk1e;6.0;0.68;0.70;74.98;81
416;chelleos;6.0;0.65;0.65;68.90;72
417;exit;6.0;0.63;0.58;70.48;355
418;Prism;6.0;0.67;0.70;77.09;71
419;Kylar;6.0;0.67;0.65;72.18;313
420;zehN;6.0;0.66;0.67;74.82;105
421;Snobling;6.0;0.66;0.67;73.91;71
422;Krabeni;6.0;0.69;0.73;78.25;30
423;CeRq;6.0;0.64;0.61;66.64;321
424;Kind0;6.0;0.66;0.67;74.96;106
425;chelo;6.0;0.67;0.68;73.39;297
426;Vegi;6.0;0.69;0.70;74.26;134
427;rain;6.0;0.66;0.69;76.39;614
428;Smash;6.0;0.65;0.67;73.97;64
429;DANVIET;6.0;0.67;0.69;75.23;79
430;autimatic;6.0;0.67;0.69;75.14;207
431;Szejn;6.0;0.67;0.68;75.50;45
432;alex;6.0;0.65;0.66;74.46;316
433;Grim;6.0;0.66;0.68;73.38;538
434;apocdud;6.0;0.68;0.70;74.44;50
435;freakazoid;6.0;0.69;0.74;79.14;89
436;bsd;6.0;0.66;0.64;67.23;38
437;mAriX;6.0;0.69;0.71;75.34;102
438;prosus;6.0;0.66;0.68;73.53;353
439;floppy;6.0;0.65;0.66;73.86;393
440;Maden;6.0;0.68;0.69;75.79;424
441;manguss;6.0;0.66;0.64;73.41;124
442;Kiro;6.0;0.64;0.60;67.72;30
443;fostar;6.0;0.65;0.68;74.75;38
444;dobu;6.0;0.66;0.70;77.28;64
445;supar;6.0;0.65;0.69;73.37;40
446;remix;6.0;0.65;0.59;65.08;114
447;gxx-;6.0;0.67;0.62;67.09;358
448;1eeR;6.0;0.64;0.65;72.68;85
449;robiin;6.0;0.65;0.67;74.80;146
450;abr;6.0;0.65;0.61;70.82;110
451;yepz;6.0;0.65;0.64;70.67;153
452;sapec;6.0;0.67;0.71;74.67;411
453;susp;6.0;0.66;0.68;75.18;209
454;bobeksde;6.0;0.68;0.71;76.46;192
455;Dragon;6.0;0.66;0.68;73.83;109
456;sirah;6.0;0.68;0.67;74.56;145
457;coldzera;6.0;0.67;0.65;71.53;308
458;EIZA;6.0;0.66;0.67;71.24;33
459;Austin;6.0;0.66;0.73;77.43;35
460;uQlutzavr;6.0;0.67;0.69;74.99;52
461;bnox;6.0;0.65;0.67;74.38;319
462;Bymas;6.0;0.64;0.62;70.95;350
463;consti;6.0;0.65;0.63;66.18;62
464;shz;6.0;0.65;0.66;73.14;191
465;maaryy;6.0;0.65;0.66;72.34;274
466;wolfie;6.0;0.66;0.68;72.91;64
467;Calyx;6.0;0.65;0.63;70.18;266
468;shokz;6.0;0.66;0.62;70.25;89
469;Lcm;6.0;0.64;0.59;66.01;125
470;ALLE;6.0;0.66;0.66;74.51;177
471;FalleN;6.0;0.64;0.61;66.55;409
472;kmrn;6.0;0.64;0.70;73.62;61
473;s1ren;6.0;0.66;0.64;71.54;306
474;soulfly;6.0;0.67;0.72;76.08;185
475;Thomas;6.0;0.66;0.70;75.52;218
476;byali;6.0;0.67;0.71;76.55;78
477;imoRR;6.0;0.66;0.70;73.13;144
478;Techno;6.0;0.67;0.70;74.47;194
479;refrezh;6.0;0.66;0.65;71.43;462
480;devoduvek;6.0;0.64;0.70;74.93;34
481;MistR;6.0;0.66;0.68;73.82;263
482;SpAwNnS;6.0;0.66;0.72;74.51;39
483;shield;6.0;0.65;0.63;65.96;40
484;cool4st;6.0;0.66;0.66;69.88;50
485;realziN;6.0;0.64;0.61;69.90;124
486;salazar;6.0;0.64;0.60;65.09;264
487;fakzwall;6.0;0.64;0.61;66.62;65
488;AttackeR;6.0;0.66;0.68;72.44;63
489;flying;6.0;0.66;0.66;72.80;70
490;simke;6.0;0.68;0.71;73.97;204
491;detr0ittJ;6.0;0.64;0.61;66.18;139
492;N1ghtraid;6.0;0.67;0.68;69.81;37
493;Peppzor;6.0;0.66;0.68;73.95;377
494;mawth;6.0;0.64;0.63;70.57;49
495;Snax;6.0;0.66;0.68;74.82;282
496;stamina;6.0;0.66;0.66;70.04;73
497;Kamion;6.0;0.67;0.72;77.82;115
498;FpSSS;6.0;0.67;0.65;69.44;83
499;nestee;6.0;0.64;0.65;70.56;31
500;mopoz;6.0;0.67;0.69;73.97;363
501;cptkurtka023;6.0;0.67;0.72;74.39;259
502;ph1;6.0;0.67;0.68;75.87;38
503;kRaSnaL;6.0;0.66;0.68;73.91;388
504;sausol;6.0;0.66;0.68;73.05;174
505;s-chilla;6.0;0.65;0.72;75.25;49
506;keen;6.0;0.66;0.70;73.63;34
507;penny;6.0;0.68;0.72;75.69;60
508;JDC;6.0;0.66;0.66;73.57;294
509;ZEDKO;6.0;0.66;0.67;72.86;376
510;nython;6.0;0.65;0.61;66.64;194
511;MICHU;6.0;0.66;0.69;74.85;155
512;Sdaim;6.0;0.66;0.69;74.53;103
513;volt;6.0;0.64;0.65;72.30;257
514;Goofy;6.0;0.65;0.66;73.04;324
515;JW;6.0;0.67;0.69;71.81;494
516;Zero;6.0;0.65;0.64;71.78;69
517;Nicks;6.0;0.65;0.68;74.71;96
518;deco;6.0;0.64;0.66;73.15;197
519;brett;6.0;0.65;0.71;76.17;141
520;DJF;6.0;0.66;0.69;73.37;59
521;sLowi;6.0;0.65;0.73;76.52;127
522;flusha;6.0;0.61;0.66;75.01;336
523;RuStY;6.0;0.64;0.66;72.73;236
524;Beway;6.0;0.65;0.68;74.13;53
525;Ex1st;6.0;0.67;0.71;76.39;142
526;andrew;6.0;0.65;0.70;74.72;42
527;Enzo;6.0;0.65;0.68;73.47;181
528;sugaR;6.0;0.65;0.65;74.05;137
529;Svedjehed;6.0;0.65;0.65;70.94;74
530;Demonos;6.0;0.65;0.70;76.24;116
531;MaSvAl;6.0;0.63;0.66;72.10;90
532;Chr1zN;6.0;0.65;0.68;72.56;248
533;snav;6.0;0.63;0.68;74.39;115
534;r1see;6.0;0.63;0.64;72.52;74
535;sterling;5.9;0.65;0.65;66.84;50
536;kisserek;5.9;0.66;0.70;73.86;63
537;Queenix;5.9;0.63;0.65;71.29;323
538;w1;5.9;0.64;0.67;74.86;99
539;xfl0ud;5.9;0.64;0.65;71.84;202
540;JDubs;5.9;0.66;0.74;76.73;32
541;christo;5.9;0.64;0.62;65.98;62
542;arrozdoce;5.9;0.64;0.66;72.65;291
543;tN1R;5.9;0.65;0.65;70.95;264
544;magixx;5.9;0.63;0.62;69.93;443
545;n0rb3r7;5.9;0.63;0.66;72.41;288
546;PlesseN;5.9;0.65;0.71;77.67;205
547;Aerial;5.9;0.66;0.69;73.66;155
548;OWNER;5.9;0.66;0.68;72.51;227
549;Dementor;5.9;0.64;0.72;75.76;41
550;Nexius;5.9;0.66;0.72;74.51;232
551;TjP;5.9;0.66;0.70;74.36;83
552;Vester;5.9;0.67;0.70;74.20;35
553;naitte;5.9;0.67;0.71;74.39;163
554;bl1x1;5.9;0.66;0.70;73.82;64
555;Perfecto;5.9;0.62;0.59;68.35;639
556;kwezz;5.9;0.64;0.64;71.38;274
557;Liazz;5.9;0.62;0.64;71.82;241
558;MiQ;5.9;0.66;0.72;73.73;59
559;shox;5.9;0.65;0.66;70.65;351
560;kennyS;5.9;0.64;0.63;67.53;187
561;EXPRO;5.9;0.64;0.67;72.97;38
562;k4sl-;5.9;0.64;0.62;66.94;38
563;vigg0;5.9;0.68;0.75;74.74;33
564;SPELLAN;5.9;0.62;0.67;73.16;94
565;Levi;5.9;0.65;0.71;74.59;37
566;pr;5.9;0.67;0.72;74.49;61
567;ottoNd;5.9;0.66;0.65;67.01;216
568;riskyb0b;5.9;0.62;0.66;72.71;73
569;HEAP;5.9;0.65;0.68;71.79;229
570;sinnopsyy;5.9;0.65;0.72;75.93;358
571;D4RTYMONTANA;5.9;0.64;0.64;70.05;130
572;Skrimo;5.9;0.66;0.72;72.89;74
573;Jz;5.9;0.65;0.67;72.87;113
574;Ex3rcice;5.9;0.65;0.65;71.01;371
575;delboNi;5.9;0.65;0.67;72.00;71
576;ragga;5.9;0.66;0.71;74.07;285
577;hardzao;5.9;0.64;0.63;70.56;329
578;Tuurtle;5.9;0.65;0.66;72.13;291
579;reversive;5.9;0.63;0.67;72.73;62
580;innocent;5.9;0.64;0.69;74.74;79
581;P4TriCK;5.9;0.66;0.73;75.80;52
582;kabal;5.9;0.65;0.69;74.97;78
583;myltsi;5.9;0.66;0.72;74.28;140
584;lenci;5.9;0.64;0.67;71.30;103
585;smekk;5.9;0.66;0.73;76.55;190
586;Annihilation;5.9;0.62;0.60;66.21;86
587;tarik;5.9;0.65;0.69;72.51;104
588;xezr;5.9;0.68;0.71;74.28;36
589;MUTiRiS;5.9;0.63;0.65;72.44;309
590;HexT;5.9;0.64;0.68;71.65;221
591;f4stzin;5.9;0.68;0.71;74.09;75
592;shyyne;5.9;0.65;0.65;67.05;47
593;JUST;5.9;0.64;0.66;71.41;257
594;Impulse;5.9;0.61;0.62;64.04;43
595;VIRREE;5.9;0.64;0.71;74.56;46
596;alpha;5.9;0.63;0.67;71.80;99
597;tkl;5.9;0.64;0.62;63.84;69
598;Cryptic;5.9;0.65;0.69;72.51;154
599;br0;5.9;0.64;0.67;72.16;281
600;Grus;5.9;0.67;0.73;71.72;43
601;1NVISIBLE;5.9;0.67;0.75;76.09;102
602;faydett;5.9;0.64;0.70;74.46;68
603;niko;5.9;0.64;0.67;70.92;389
604;Shr;5.9;0.69;0.75;76.76;64
605;Plopski;5.9;0.63;0.66;71.93;519
606;hugilago;5.9;0.66;0.71;73.67;37
607;FaNg;5.9;0.65;0.69;71.88;279
608;notaN;5.9;0.62;0.64;70.56;116
609;moose;5.9;0.65;0.69;73.31;52
610;VINI;5.9;0.63;0.66;70.92;499
611;Chawzyyy;5.9;0.64;0.66;72.90;46
612;spek;5.9;0.66;0.72;72.97;50
613;Surreal;5.9;0.64;0.66;71.08;363
614;twist;5.9;0.62;0.65;72.59;266
615;Tauson;5.9;0.64;0.67;72.66;193
616;tudsoN;5.9;0.64;0.66;68.44;38
617;PerX;5.9;0.63;0.64;70.26;243
618;mASKED;5.9;0.64;0.65;68.37;244
619;land1n;5.9;0.63;0.63;63.01;58
620;tucks;5.9;0.65;0.70;71.85;35
621;skyye;5.9;0.63;0.67;71.51;197
622;arT;5.9;0.65;0.71;74.47;510
623;mzinho;5.9;0.63;0.66;70.94;99
624;suNny;5.9;0.65;0.71;74.18;93
625;aliStair;5.9;0.64;0.64;65.53;206
626;nacho;5.9;0.65;0.69;71.41;69
627;hate;5.9;0.65;0.70;70.62;105
628;Krad;5.9;0.64;0.68;73.64;467
629;Jonji;5.9;0.63;0.76;77.19;179
630;r4ul;5.9;0.63;0.65;70.39;116
631;Raijin;5.9;0.64;0.67;71.39;148
632;The eLiVe;5.9;0.62;0.65;71.74;303
633;Danistzz;5.9;0.65;0.69;71.11;125
634;Gizmy;5.9;0.65;0.71;72.44;122
635;gh;5.9;0.63;0.72;73.83;30
636;MWLKY;5.9;0.66;0.65;67.49;97
637;happ;5.9;0.63;0.67;70.80;114
638;TMB;5.9;0.63;0.70;73.27;427
639;fREQ;5.9;0.63;0.65;70.76;118
640;kyxsan;5.9;0.62;0.67;71.77;417
641;jedqr;5.9;0.62;0.67;72.36;66
642;raalz;5.9;0.63;0.66;68.95;402
643;PR1mE;5.9;0.65;0.68;71.02;145
644;leman;5.9;0.66;0.71;71.82;47
645;beg0d;5.9;0.63;0.66;70.93;105
646;Demho;5.9;0.63;0.65;70.72;180
647;Layner;5.9;0.63;0.62;64.72;32
648;F1KU;5.9;0.63;0.67;71.41;370
649;Pugg;5.9;0.64;0.74;75.17;35
650;mds;5.9;0.66;0.76;76.44;57
651;leo_drk;5.9;0.65;0.71;72.87;80
652;kreaz;5.9;0.63;0.65;71.69;133
653;nasher;5.9;0.63;0.62;64.62;36
654;swiz;5.9;0.64;0.67;71.78;44
655;pesadelo;5.9;0.65;0.72;73.88;157
656;chance;5.9;0.65;0.66;68.16;39
657;kroK;5.9;0.62;0.71;71.15;32
658;X5G7V;5.9;0.63;0.67;71.70;184
659;MRN1;5.9;0.65;0.72;73.60;41
660;sL1m3;5.9;0.66;0.67;68.71;87
661;Yxngstxr;5.9;0.66;0.70;71.51;122
662;supra;5.9;0.64;0.70;71.12;34
663;yungher;5.9;0.65;0.70;69.30;37
664;xerolte;5.9;0.64;0.71;72.46;42
665;Spargo;5.9;0.63;0.67;66.18;37
666;SIXER;5.9;0.63;0.65;68.13;30
667;dangeR;5.9;0.63;0.62;68.31;43
668;ALEX;5.9;0.66;0.72;72.87;139
669;AZR;5.9;0.64;0.71;70.69;89
670;JIaYm;5.9;0.66;0.77;74.28;44
671;CutzMeretz;5.9;0.64;0.70;74.75;110
672;xicoz;5.9;0.65;0.68;70.98;107
673;misutaaa;5.9;0.63;0.66;69.20;494
674;Kristou;5.9;0.64;0.66;67.15;169
675;Extinct;5.9;0.65;0.77;75.77;125
676;AcilioN;5.9;0.62;0.70;72.25;102
677;Buzz;5.9;0.63;0.67;71.17;219
678;max;5.9;0.62;0.67;73.99;212
679;pz;5.9;0.63;0.66;67.49;93
680;Cjoffo;5.9;0.63;0.65;68.61;204
681;DavCost;5.9;0.63;0.67;70.83;36
682;Summer;5.9;0.62;0.68;72.92;83
683;AMANEK;5.9;0.62;0.65;68.88;313
684;Spiidi;5.9;0.62;0.65;71.41;312
685;smiley;5.9;0.61;0.65;67.56;42
686;shane;5.8;0.64;0.68;68.78;101
687;matios;5.8;0.63;0.67;71.29;129
688;f0rest;5.8;0.63;0.68;70.28;78
689;xiELO;5.8;0.63;0.73;71.39;33
690;RZU;5.8;0.66;0.75;72.34;32
691;Jackinho;5.8;0.63;0.66;67.08;234
692;Python;5.8;0.65;0.66;70.44;97
693;jnt;5.8;0.60;0.61;66.56;74
694;Bibu;5.8;0.62;0.68;70.16;88
695;sAvana1;5.8;0.62;0.66;69.56;238
696;Bubzkji;5.8;0.63;0.69;72.14;86
697;ZOREE;5.8;0.63;0.66;67.61;99
698;laser;5.8;0.63;0.67;70.30;53
699;BK1;5.8;0.62;0.71;71.73;117
700;leaf;5.8;0.61;0.69;73.15;52
701;STYKO;5.8;0.62;0.65;70.70;407
702;BluePho3nix;5.8;0.62;0.67;69.36;69
703;nexa;5.8;0.62;0.64;68.23;544
704;HS;5.8;0.63;0.71;74.05;38
705;lub;5.8;0.63;0.67;69.47;83
706;1962;5.8;0.64;0.70;72.56;66
707;Stewie2K;5.8;0.62;0.70;70.91;277
708;k1to;5.8;0.64;0.70;70.96;667
709;DaneJoris;5.8;0.63;0.72;73.47;92
710;HENU;5.8;0.63;0.70;73.49;136
711;brzer;5.8;0.65;0.63;65.05;61
712;MSL;5.8;0.63;0.70;67.85;35
713;zaNNN;5.8;0.63;0.67;70.30;82
714;aragornN;5.8;0.63;0.70;73.17;60
715;siuhy;5.8;0.63;0.68;71.64;282
716;zede;5.8;0.64;0.67;68.17;131
717;NickelBack;5.8;0.62;0.68;72.02;366
718;MisteM;5.8;0.63;0.71;70.49;139
719;maNkz;5.8;0.61;0.69;71.15;257
720;SBT;5.8;0.61;0.68;68.41;33
721;S3NSEY;5.8;0.63;0.64;63.05;106
722;Qikert;5.8;0.60;0.63;68.81;502
723;capseN;5.8;0.62;0.62;65.20;58
724;juissi;5.8;0.64;0.70;71.04;112
725;b0denmaster;5.8;0.63;0.64;65.10;166
726;NaToSaphiX;5.8;0.62;0.64;66.18;98
727;omichella;5.8;0.64;0.72;73.57;33
728;Jaepe;5.8;0.65;0.70;71.02;32
729;NEKIZ;5.8;0.63;0.69;71.55;250
730;Lack1;5.8;0.64;0.71;72.39;516
731;SPine;5.8;0.61;0.67;67.95;46
732;fejtZ;5.8;0.64;0.67;66.36;69
733;dox;5.8;0.61;0.69;70.63;52
734;MoriiSko;5.8;0.65;0.73;76.49;38
735;ultimate;5.8;0.64;0.67;64.54;60
736;EmiliaQAQ;5.8;0.62;0.66;67.30;97
737;zur1s;5.8;0.62;0.64;63.93;33
738;MITHPUTTINI;5.8;0.63;0.65;65.03;38
739;Valencio;5.8;0.63;0.68;69.87;136
740;Daffu;5.8;0.61;0.66;67.24;67
741;FinigaN;5.8;0.60;0.65;68.64;51
742;iDk;5.8;0.63;0.69;69.89;53
743;RpK;5.8;0.63;0.67;69.75;146
744;w1nt3r;5.8;0.62;0.67;71.08;69
745;Alisson;5.8;0.63;0.67;70.54;95
746;Ducky;5.8;0.63;0.70;71.77;47
747;nani;5.8;0.64;0.73;71.84;36
748;Graviti;5.8;0.63;0.71;71.63;144
749;buster;5.8;0.61;0.61;67.50;406
750;Noktse;5.8;0.62;0.65;65.74;215
751;Walco;5.8;0.63;0.67;69.95;182
752;NBK-;5.8;0.62;0.69;71.94;327
753;es3tag;5.8;0.60;0.65;68.38;351
754;LUMSEN;5.8;0.63;0.69;69.20;37
755;iso;5.8;0.62;0.68;69.10;40
756;mds;5.8;0.61;0.65;67.44;127
757;Andrew;5.8;0.63;0.67;63.54;38
758;kiR;5.8;0.64;0.71;70.22;120
759;hns;5.8;0.63;0.69;71.06;65
760;nosraC;5.8;0.63;0.70;72.70;210
761;baaaaZzz;5.8;0.60;0.61;66.12;133
762;alexsomfan;5.8;0.60;0.69;70.54;33
763;darko;5.8;0.60;0.69;70.36;89
764;Jerry;5.8;0.62;0.68;71.74;376
765;Leomonster;5.8;0.63;0.72;72.34;117
766;isak;5.8;0.61;0.65;69.83;255
767;Gabe;5.8;0.63;0.75;74.18;57
768;fear;5.8;0.61;0.66;70.17;74
769;FreeZe;5.8;0.62;0.72;74.41;293
770;Patti;5.8;0.62;0.69;70.77;268
771;gade;5.8;0.62;0.65;66.97;99
772;Sandman;5.8;0.65;0.72;71.01;43
773;SELLTER;5.8;0.62;0.66;68.69;329
774;nafany;5.8;0.63;0.70;71.90;631
775;facecrack;5.8;0.64;0.74;72.88;61
776;2x2x;5.8;0.62;0.68;67.81;37
777;nolkz;5.8;0.62;0.67;72.19;79
778;apEX;5.8;0.60;0.67;73.04;602
779;HUASOPEEK;5.8;0.64;0.66;68.71;71
780;ztr;5.8;0.61;0.67;68.07;324
781;Kjaerbye;5.8;0.61;0.66;69.88;99
782;nifee3;5.8;0.61;0.68;71.65;74
783;Razzmo;5.8;0.63;0.69;70.51;34
784;LUCAS1;5.8;0.60;0.70;73.22;79
785;Krs7N;5.8;0.62;0.72;70.06;32
786;Gonzo;5.8;0.66;0.77;77.17;36
787;CSO;5.8;0.62;0.70;71.01;133
788;executor;5.8;0.60;0.65;67.69;30
789;kressy;5.8;0.64;0.67;68.76;33
790;Sergiz;5.8;0.62;0.65;72.38;30
791;Xyp9x;5.8;0.59;0.64;69.03;452
792;brn$;5.8;0.63;0.70;72.60;82
793;Tadpole;5.8;0.63;0.70;71.07;49
794;aris;5.8;0.62;0.71;68.17;41
795;SaVage;5.8;0.63;0.68;69.19;62
796;SLY;5.8;0.63;0.71;71.35;88
797;Peeping;5.8;0.64;0.73;70.23;98
798;eku;5.8;0.63;0.72;72.26;61
799;corn;5.8;0.63;0.70;69.92;37
800;agR;5.8;0.62;0.70;67.52;32
801;malta;5.8;0.62;0.69;72.25;80
802;djay;5.8;0.61;0.69;69.92;131
803;rmn;5.8;0.61;0.66;68.73;322
804;SynyX;5.8;0.63;0.69;69.81;61
805;nyezin;5.8;0.60;0.66;69.28;113
806;LNZ;5.8;0.60;0.65;67.20;325
807;diozera;5.8;0.64;0.72;71.16;98
808;IceBerg;5.8;0.63;0.76;74.27;266
809;Duplicate;5.8;0.58;0.64;68.83;104
810;SLOWLY;5.8;0.63;0.72;71.65;64
811;kadziu;5.8;0.63;0.70;69.99;97
812;Lobanjica;5.8;0.60;0.76;74.70;38
813;sergej;5.8;0.59;0.66;68.68;50
814;AxEcHo;5.8;0.61;0.62;67.54;34
815;ABM;5.8;0.62;0.69;69.63;42
816;paz;5.8;0.62;0.66;66.62;53
817;phr;5.8;0.59;0.64;69.20;47
818;Furlan;5.8;0.61;0.73;72.03;108
819;abizz;5.8;0.62;0.68;69.56;40
820;doto;5.8;0.61;0.69;69.98;154
821;H4RR3;5.8;0.62;0.74;72.50;58
822;Ag1L;5.8;0.62;0.68;68.10;97
823;Sm1llee;5.8;0.63;0.71;70.85;123
824;bondik;5.7;0.60;0.67;69.12;32
825;RICIOLI;5.7;0.60;0.67;69.89;151
826;hybrid;5.7;0.61;0.71;70.83;91
827;fokiu;5.7;0.63;0.74;73.24;118
828;Snakes;5.7;0.60;0.68;66.05;52
829;boX;5.7;0.60;0.69;72.23;133
830;tom1jed;5.7;0.62;0.71;70.33;84
831;almazer;5.7;0.60;0.68;68.37;101
832;gla1ve;5.7;0.60;0.67;68.70;566
833;b0RUP;5.7;0.61;0.67;66.90;408
834;Boombl4;5.7;0.60;0.67;69.72;581
835;trk;5.7;0.60;0.67;66.51;96
836;Wahtzz;5.7;0.62;0.67;68.58;61
837;dexter;5.7;0.62;0.70;69.81;412
838;yeL;5.7;0.60;0.64;66.58;108
839;nicx;5.7;0.62;0.72;70.90;74
840;motm;5.7;0.63;0.73;69.12;69
841;ckzao;5.7;0.60;0.68;69.01;69
842;Jelo;5.7;0.62;0.71;68.83;122
843;Silence;5.7;0.62;0.61;62.45;39
844;uli;5.7;0.62;0.70;70.70;113
845;hotd0g;5.7;0.63;0.74;71.99;114
846;munch;5.7;0.58;0.71;72.32;33
847;suNdaY-;5.7;0.63;0.70;71.55;54
848;chopper;5.7;0.60;0.65;67.93;444
849;prt;5.7;0.61;0.70;68.61;124
850;naz;5.7;0.60;0.72;69.89;51
851;T4GG3D;5.7;0.61;0.68;69.41;197
852;birdfromsky;5.7;0.58;0.70;71.95;283
853;icem4N;5.7;0.63;0.71;69.37;40
854;micro;5.7;0.62;0.72;68.61;62
855;Jamppi;5.7;0.62;0.72;69.35;40
856;enzero;5.7;0.61;0.71;70.96;111
857;scar;5.7;0.63;0.77;71.82;65
858;TMKj;5.7;0.61;0.69;68.17;30
859;Maluk3;5.7;0.60;0.69;65.74;153
860;gRuChA;5.7;0.62;0.73;70.52;86
861;SHOOWTiME;5.7;0.60;0.71;70.36;95
862;zmb;5.7;0.60;0.67;69.52;126
863;Aleksib;5.7;0.57;0.65;68.85;525
864;Oxygen;5.7;0.60;0.68;67.75;174
865;ZeRRoFIX;5.7;0.60;0.66;65.93;48
866;zks;5.7;0.60;0.68;67.50;71
867;Ro1f;5.7;0.59;0.66;66.82;151
868;viz;5.7;0.60;0.67;68.09;90
869;flamie;5.7;0.59;0.65;67.86;163
870;consss;5.7;0.61;0.73;71.26;51
871;fl0m;5.7;0.63;0.71;69.32;121
872;Liki;5.7;0.60;0.71;69.90;50
873;Keoz;5.7;0.62;0.71;69.24;250
874;Tender;5.7;0.61;0.69;69.27;37
875;ArroW;5.7;0.59;0.67;66.64;174
876;beastik;5.7;0.60;0.68;67.92;406
877;malinov;5.7;0.61;0.69;68.71;54
878;steel;5.7;0.60;0.70;69.72;97
879;byr9;5.7;0.59;0.66;69.80;127
880;wiz;5.7;0.60;0.66;64.19;123
881;Dem0N;5.7;0.63;0.72;68.64;34
882;drop;5.7;0.59;0.62;65.35;334
883;souz4h;5.7;0.61;0.68;67.91;76
884;God6y;5.7;0.61;0.70;67.71;31
885;kelieN;5.7;0.62;0.70;68.52;34
886;aVN;5.7;0.61;0.68;67.11;211
887;LaX;5.7;0.60;0.68;67.61;34
888;stYleEeZ;5.7;0.58;0.66;68.42;69
889;dan1;5.7;0.61;0.69;68.54;107
890;bluewhite;5.7;0.62;0.68;70.05;59
891;olofmeister;5.7;0.59;0.64;65.12;135
892;fr0slev;5.7;0.59;0.71;69.69;56
893;drg;5.7;0.60;0.70;67.32;202
894;system;5.7;0.62;0.71;68.41;66
895;MAJ3R;5.7;0.58;0.65;66.62;240
896;j3kie;5.7;0.63;0.70;67.72;63
897;Hatz;5.7;0.60;0.69;68.97;107
898;SHiNE;5.7;0.59;0.67;65.80;338
899;seized;5.7;0.59;0.67;67.90;310
900;KukuBambo;5.7;0.62;0.72;72.22;31
901;ScrunK;5.7;0.58;0.70;68.85;156
902;Icarus;5.7;0.62;0.69;68.80;49
903;AdreN;5.7;0.59;0.70;70.49;63
904;Vert;5.7;0.58;0.66;66.98;123
905;kAlash;5.7;0.61;0.70;67.34;38
906;jason;5.7;0.61;0.72;70.08;92
907;rainny;5.7;0.61;0.69;67.54;50
908;bubble;5.7;0.58;0.71;71.11;168
909;virtuoso;5.7;0.59;0.69;67.48;154
910;Patrick;5.7;0.59;0.69;67.35;190
911;Elk;5.7;0.61;0.76;73.63;30
912;grape;5.7;0.60;0.72;68.13;62
913;SkulL;5.7;0.60;0.73;71.39;41
914;Trucklover86;5.7;0.61;0.71;68.02;97
915;Mikki;5.7;0.59;0.65;60.32;30
916;emi;5.7;0.58;0.69;67.73;159
917;Q-Q;5.7;0.57;0.63;64.93;131
918;dav1g;5.7;0.59;0.68;68.19;307
919;P3R3IIRA;5.7;0.59;0.69;66.44;35
920;Adam9130;5.7;0.59;0.72;70.91;79
921;krii;5.7;0.60;0.71;66.87;42
922;ProbLeM;5.7;0.58;0.73;69.92;34
923;tatazin;5.7;0.58;0.65;67.67;64
924;debo;5.7;0.58;0.65;67.07;46
925;larsen;5.7;0.59;0.70;67.61;40
926;-stormzin;5.7;0.59;0.68;67.33;118
927;WOOD7;5.6;0.57;0.63;63.59;209
928;Linko;5.6;0.61;0.77;72.36;32
929;tiziaN;5.6;0.59;0.68;66.99;459
930;bichop;5.6;0.60;0.71;66.60;99
931;interz;5.6;0.56;0.57;61.47;418
932;DeathZz;5.6;0.59;0.65;67.42;115
933;RUSH;5.6;0.58;0.67;66.21;289
934;mid1;5.6;0.59;0.72;67.29;35
935;Seabra;5.6;0.59;0.69;68.27;35
936;SENER1;5.6;0.58;0.67;67.11;358
937;Libido;5.6;0.59;0.69;66.47;41
938;ninjaZ;5.6;0.58;0.68;68.93;104
939;amster;5.6;0.57;0.67;66.53;191
940;Makzwell;5.6;0.55;0.64;60.21;61
941;short;5.6;0.58;0.66;68.40;49
942;K1-FiDa;5.6;0.58;0.66;65.34;133
943;choiv7;5.6;0.57;0.68;67.98;71
944;neaLaN;5.6;0.59;0.70;68.47;197
945;Snappi;5.6;0.58;0.69;68.67;414
946;honda;5.6;0.60;0.68;65.50;69
947;Ersin;5.6;0.60;0.71;68.45;85
948;Unshaark;5.6;0.59;0.70;66.90;32
949;dzt;5.6;0.61;0.72;69.69;30
950;sorrow;5.6;0.61;0.72;69.31;42
951;JACKZ;5.6;0.59;0.67;65.41;405
952;Brooxsy;5.6;0.58;0.68;66.24;69
953;AJTT;5.6;0.58;0.67;67.87;114
954;Sico;5.6;0.59;0.68;66.30;147
955;Reatz;5.6;0.61;0.68;65.84;40
956;stanislaw;5.6;0.57;0.66;66.05;230
957;coolio;5.6;0.57;0.65;62.85;59
958;arcade;5.6;0.59;0.71;68.81;56
959;zqk;5.6;0.58;0.64;61.71;78
960;v1c7oR;5.6;0.56;0.71;67.35;46
961;TOAO;5.6;0.59;0.68;66.30;200
962;Project90;5.6;0.59;0.70;68.72;33
963;lealziNho;5.6;0.57;0.70;69.86;52
964;Sanji;5.6;0.57;0.64;64.23;191
965;luko;5.6;0.57;0.67;65.52;45
966;PREDI;5.6;0.59;0.74;71.38;99
967;Kyojin;5.6;0.58;0.66;64.57;175
968;dobbo;5.6;0.57;0.65;63.52;76
969;Buda;5.6;0.57;0.66;65.70;158
970;sNx;5.6;0.58;0.69;66.17;127
971;mynio;5.6;0.58;0.70;70.34;242
972;Jerppa;5.6;0.61;0.77;72.82;63
973;hurtslxrd;5.6;0.57;0.66;63.12;97
974;niki1;5.6;0.56;0.67;67.00;167
975;LEARSI;5.6;0.58;0.70;65.73;86
976;Golden;5.6;0.58;0.72;67.71;211
977;sad;5.6;0.60;0.69;64.69;85
978;phx;5.6;0.57;0.72;67.88;41
979;Topa;5.6;0.58;0.66;63.67;76
980;denis;5.6;0.59;0.72;67.84;51
981;Aqua;5.6;0.57;0.65;62.84;49
982;Nifty;5.6;0.59;0.71;63.66;45
983;propleh;5.6;0.59;0.72;68.21;36
984;JT;5.6;0.57;0.70;65.50;403
985;max;5.6;0.59;0.74;70.12;36
986;Ryu;5.6;0.59;0.68;63.41;52
987;aleph;5.6;0.57;0.71;66.41;41
988;GruBy;5.6;0.59;0.72;67.83;37
989;msN;5.6;0.56;0.69;64.94;113
990;dukefissura;5.5;0.63;0.74;69.08;31
991;roz;5.5;0.59;0.68;65.80;62
992;seb;5.5;0.57;0.67;63.93;100
993;akEz;5.5;0.58;0.71;65.65;30
994;Airax;5.5;0.59;0.75;69.61;211
995;tOPZ;5.5;0.57;0.67;65.04;99
996;Hkta;5.5;0.57;0.72;66.62;43
997;darchevile;5.5;0.57;0.70;66.46;160
998;poppins;5.5;0.58;0.75;69.24;30
999;chrisJ;5.5;0.55;0.67;61.93;75
1000;PKL;5.5;0.56;0.68;65.83;205
1001;KD69z;5.5;0.59;0.73;65.50;38
1002;MiGHTYMAX;5.5;0.56;0.65;62.97;366
1003;notineki;5.5;0.57;0.65;63.41;48
1004;foggers;5.5;0.58;0.74;64.96;34
1005;leckr;5.5;0.56;0.70;63.28;36
1006;kinqie;5.5;0.57;0.72;68.01;31
1007;oskarish;5.5;0.57;0.68;62.49;46
1008;Mellow;5.5;0.58;0.74;63.79;37
1009;leleo;5.5;0.56;0.68;65.74;79
1010;ryann;5.5;0.59;0.74;66.13;38
1011;MMS;5.5;0.59;0.72;66.17;68
1012;ben1337;5.5;0.55;0.69;63.43;166
1013;esenthial;5.5;0.56;0.71;63.98;98
1014;xReal;5.5;0.59;0.71;64.25;41
1015;sense;5.5;0.57;0.68;65.42;176
1016;EXUS;5.5;0.56;0.75;68.76;57
1017;nitr0;5.5;0.55;0.66;62.27;216
1018;lunAtic;5.5;0.54;0.70;64.70;234
1019;DDias;5.5;0.58;0.77;70.56;87
1020;Bart4k;5.5;0.58;0.68;62.51;78
1021;SaNt0S;5.5;0.58;0.72;67.26;38
1022;Swicher;5.5;0.58;0.68;65.21;35
1023;jR;5.5;0.54;0.69;63.76;34
1024;karrigan;5.5;0.57;0.71;66.65;615
1025;Lich;5.5;0.57;0.70;65.58;52
1026;meztal;5.5;0.56;0.69;63.65;37
1027;Lambert;5.5;0.54;0.66;61.71;43
1028;Spongey;5.5;0.56;0.70;63.48;50
1029;BTN;5.5;0.56;0.72;65.44;299
1030;S0tF1k;5.5;0.54;0.69;64.82;88
1031;TACO;5.5;0.55;0.69;64.35;122
1032;Grashog;5.4;0.54;0.69;63.58;78
1033;n9xtz;5.4;0.56;0.69;62.53;88
1034;AlekS;5.4;0.53;0.63;62.19;33
1035;shutout;5.4;0.57;0.74;66.62;65
1036;dok;5.4;0.56;0.74;67.22;36
1037;fnx;5.4;0.54;0.65;62.23;60
1038;friberg;5.4;0.56;0.73;65.42;72
1039;Shakezullah;5.4;0.54;0.71;63.19;92
1040;Drewtheshrew;5.4;0.56;0.75;66.96;36
1041;sh1geo;5.4;0.55;0.73;66.02;59
1042;Haz4rt;5.4;0.55;0.72;64.03;38
1043;Penguuuin;5.4;0.56;0.74;65.68;31
1044;s1rva;5.4;0.55;0.73;64.20;118
1045;BobZ;5.4;0.53;0.69;63.60;110
1046;relentless;5.4;0.56;0.71;61.61;57
1047;HooXi;5.4;0.53;0.69;62.25;380
1048;Ping;5.3;0.55;0.75;62.08;55
1049;BRACE;5.3;0.54;0.70;61.85;92
1050;rox;5.3;0.54;0.69;61.88;56
1051;julih;5.3;0.53;0.74;62.29;36
1052;Psycho;5.3;0.52;0.68;62.72;31
1053;RAiLWAY;5.3;0.53;0.73;64.29;59
1054;rrr;5.3;0.51;0.68;61.33;34
1055;hasteka;5.3;0.55;0.74;63.17;67
1056;R2D2J;5.3;0.54;0.75;62.03;31
1057;moonwalk;5.3;0.54;0.72;63.23;36
1058;TaZ;5.3;0.52;0.71;61.01;84
1059;daps;5.3;0.53;0.70;61.74;44
1060;Klameczka;5.2;0.53;0.76;65.98;104
1061;ADK;5.2;0.51;0.67;55.61;32
1062;Marek;5.2;0.49;0.70;59.78;52
1063;ap0c;5.2;0.53;0.77;65.28;32
1064;goddess;5.2;0.55;0.79;65.69;36
1065;puuha;5.2;0.52;0.76;62.22;52
1066;caike;5.2;0.51;0.74;60.25;34
1067;advent;5.2;0.48;0.68;56.53;190
1068;Summy;5.1;0.52;0.78;60.95;38
1069;milky;5.1;0.49;0.75;60.64;37
1070;kRYSTAL;5.0;0.46;0.74;57.95;47
1071;Tomkeejs;5.0;0.48;0.72;56.50;33